{"cameraMode":{"drawMode":0,"name":"Shaded","section":"Shading Mode"},"sceneLighting":true,"audioPlay":false,"sceneViewState":{"m_AlwaysRefresh":true,"showFog":true,"showSkybox":true,"showFlares":true,"showImageEffects":true,"showParticleSystems":true,"showVisualEffectGraphs":true,"m_FxEnabled":true},"in2DMode":false,"pivot":{"x":-10.343374252319336,"y":10.419062614440918,"z":29.863113403320314},"rotation":{"x":-0.08271315693855286,"y":-0.006880810018628836,"z":0.0005706854281015694,"w":-0.9965502619743347},"size":27.17325210571289,"orthographic":false}